DRG Code,Description,Average Cost
1,HEART TRANSPLANT OR IMPLANT OF HEART ASSIST SYSTEM W MCC,"$277,558 "
3,"ECMO OR TRACH W MV >96 HRS OR PDX EXC FACE, MOUTH & NECK W MAJ O.R.","$616,243 "
4,"TRACH W MV >96 HRS OR PDX EXC FACE, MOUTH & NECK W/O MAJ O.R.","$405,964 "
11,"TRACHEOSTOMY FOR FACE, MOUTH & NECK DIAGNOSES OR LARYNGECTOMY W MCC","$282,119 "
12,"TRACHEOSTOMY FOR FACE, MOUTH & NECK DIAGNOSES OR LARYNGECTOMY W CC","$205,718 "
13,"TRACHEOSTOMY FOR FACE, MOUTH & NECK DIAGNOSES OR LARYNGECTOMY W/O CC/MCC","$124,836 "
20,INTRACRANIAL VASCULAR PROCEDURES W PDX HEMORRHAGE W MCC,"$452,453 "
21,INTRACRANIAL VASCULAR PROCEDURES W PDX HEMORRHAGE W CC,"$414,763 "
23,CRANIOTOMY W MAJOR DEVICE IMPLANT OR ACUTE COMPLEX CNS PDX W MCC OR CHEMOTHERAPY IMPLANT OR EPILEPSY,"$240,317 "
24,CRANIO W MAJOR DEV IMPL/ACUTE COMPLEX CNS PDX W/O MCC,"$154,158 "
25,CRANIOTOMY & ENDOVASCULAR INTRACRANIAL PROCEDURES W MCC,"$252,528 "
26,CRANIOTOMY & ENDOVASCULAR INTRACRANIAL PROCEDURES W CC,"$205,771 "
27,CRANIOTOMY & ENDOVASCULAR INTRACRANIAL PROCEDURES W/O CC/MCC,"$160,053 "
28,SPINAL PROCEDURES W MCC,"$249,398 "
29,SPINAL PROCEDURES W CC OR SPINAL NEUROSTIMULATORS,"$214,525 "
30,SPINAL PROCEDURES W/O CC/MCC,"$160,390 "
31,VENTRICULAR SHUNT PROCEDURES W MCC,"$175,342 "
32,VENTRICULAR SHUNT PROCEDURES W CC,"$149,710 "
33,VENTRICULAR SHUNT PROCEDURES W/O CC/MCC,"$113,185 "
34,CAROTID ARTERY STENT PROCEDURE W MCC,"$170,172 "
35,CAROTID ARTERY STENT PROCEDURE W CC,"$136,110 "
36,CAROTID ARTERY STENT PROCEDURE W/O CC/MCC,"$61,574 "
37,EXTRACRANIAL PROCEDURES W MCC,"$153,149 "
38,EXTRACRANIAL PROCEDURES W CC,"$137,657 "
39,EXTRACRANIAL PROCEDURES W/O CC/MCC,"$64,931 "
40,PERIPH/CRANIAL NERVE & OTHER NERV SYST PROC W MCC,"$104,828 "
41,PERIPH/CRANIAL NERVE & OTHER NERV SYST PROC W CC OR PERIPH NEUROSTIM,"$89,933 "
42,PERIPH/CRANIAL NERVE & OTHER NERV SYST PROC W/O CC/MCC,"$72,912 "
52,SPINAL DISORDERS & INJURIES W CC/MCC,"$161,740 "
53,SPINAL DISORDERS & INJURIES W/O CC/MCC,"$30,833 "
54,NERVOUS SYSTEM NEOPLASMS W MCC,"$70,850 "
55,NERVOUS SYSTEM NEOPLASMS W/O MCC,"$62,323 "
56,DEGENERATIVE NERVOUS SYSTEM DISORDERS W MCC,"$81,769 "
57,DEGENERATIVE NERVOUS SYSTEM DISORDERS W/O MCC,"$94,112 "
58,MULTIPLE SCLEROSIS & CEREBELLAR ATAXIA W MCC,"$82,843 "
59,MULTIPLE SCLEROSIS & CEREBELLAR ATAXIA W CC,"$37,146 "
60,MULTIPLE SCLEROSIS & CEREBELLAR ATAXIA W/O CC/MCC,"$18,958 "
61,"ISCHEMIC STROKE, PRECEREBRAL OCCLUSION OR TRANSIENT ISCHEMIA W THROMBOLYTIC AGENT W MCC","$119,511 "
62,"ISCHEMIC STROKE, PRECEREBRAL OCCLUSION OR TRANSIENT ISCHEMIA W THROMBOLYTIC AGENT W CC","$86,905 "
64,INTRACRANIAL HEMORRHAGE OR CEREBRAL INFARCTION W MCC,"$82,957 "
65,INTRACRANIAL HEMORRHAGE OR CEREBRAL INFARCTION W CC OR TPA IN 24 HRS,"$47,748 "
66,INTRACRANIAL HEMORRHAGE OR CEREBRAL INFARCTION W/O CC/MCC,"$40,612 "
67,NONSPECIFIC CVA & PRECEREBRAL OCCLUSION W/O INFARCT W MCC,"$74,787 "
68,NONSPECIFIC CVA & PRECEREBRAL OCCLUSION W/O INFARCT W/O MCC,"$44,942 "
69,TRANSIENT ISCHEMIA W/O THROMBOLYTIC,"$34,048 "
70,NONSPECIFIC CEREBROVASCULAR DISORDERS W MCC,"$66,494 "
71,NONSPECIFIC CEREBROVASCULAR DISORDERS W CC,"$52,793 "
72,NONSPECIFIC CEREBROVASCULAR DISORDERS W/O CC/MCC,"$44,862 "
73,CRANIAL & PERIPHERAL NERVE DISORDERS W MCC,"$35,112 "
74,CRANIAL & PERIPHERAL NERVE DISORDERS W/O MCC,"$35,487 "
75,VIRAL MENINGITIS W CC/MCC,"$27,245 "
76,VIRAL MENINGITIS W/O CC/MCC,"$17,259 "
77,HYPERTENSIVE ENCEPHALOPATHY W MCC,"$71,942 "
78,HYPERTENSIVE ENCEPHALOPATHY W CC,"$36,858 "
79,HYPERTENSIVE ENCEPHALOPATHY W/O CC/MCC,"$56,676 "
80,NONTRAUMATIC STUPOR & COMA W MCC,"$117,695 "
81,NONTRAUMATIC STUPOR & COMA W/O MCC,"$45,617 "
82,"TRAUMATIC STUPOR & COMA, COMA >1 HR W MCC","$76,891 "
83,"TRAUMATIC STUPOR & COMA, COMA >1 HR W CC","$59,038 "
84,"TRAUMATIC STUPOR & COMA, COMA >1 HR W/O CC/MCC","$37,110 "
85,"TRAUMATIC STUPOR & COMA, COMA <1 HR W MCC","$81,170 "
86,"TRAUMATIC STUPOR & COMA, COMA <1 HR W CC","$53,795 "
87,"TRAUMATIC STUPOR & COMA, COMA <1 HR W/O CC/MCC","$38,853 "
88,CONCUSSION W MCC,"$50,675 "
90,CONCUSSION W/O CC/MCC,"$34,169 "
91,OTHER DISORDERS OF NERVOUS SYSTEM W MCC,"$94,667 "
92,OTHER DISORDERS OF NERVOUS SYSTEM W CC,"$38,416 "
93,OTHER DISORDERS OF NERVOUS SYSTEM W/O CC/MCC,"$29,237 "
94,BACTERIAL & TUBERCULOUS INFECTIONS OF NERVOUS SYSTEM W MCC,"$175,829 "
95,BACTERIAL & TUBERCULOUS INFECTIONS OF NERVOUS SYSTEM W CC,"$67,687 "
96,BACTERIAL & TUBERCULOUS INFECTIONS OF NERVOUS SYSTEM W/O CC/MCC,"$132,136 "
97,NON-BACTERIAL INFECT OF NERVOUS SYS EXC VIRAL MENINGITIS W MCC,"$124,400 "
98,NON-BACTERIAL INFECT OF NERVOUS SYS EXC VIRAL MENINGITIS W CC,"$44,210 "
99,NON-BACTERIAL INFECT OF NERVOUS SYS EXC VIRAL MENINGITIS W/O CC/MCC,"$43,650 "
100,SEIZURES W MCC,"$63,071 "
101,SEIZURES W/O MCC,"$37,177 "
103,HEADACHES W/O MCC,"$23,508 "
113,ORBITAL PROCEDURES W CC/MCC,"$91,757 "
114,ORBITAL PROCEDURES W/O CC/MCC,"$45,106 "
115,EXTRAOCULAR PROCEDURES EXCEPT ORBIT,"$35,098 "
116,INTRAOCULAR PROCEDURES W CC/MCC,"$123,358 "
117,INTRAOCULAR PROCEDURES W/O CC/MCC,"$63,372 "
121,ACUTE MAJOR EYE INFECTIONS W CC/MCC,"$23,659 "
122,ACUTE MAJOR EYE INFECTIONS W/O CC/MCC,"$17,005 "
123,NEUROLOGICAL EYE DISORDERS,"$24,608 "
124,OTHER DISORDERS OF THE EYE W MCC,"$60,076 "
125,OTHER DISORDERS OF THE EYE W/O MCC,"$31,302 "
129,MAJOR HEAD & NECK PROCEDURES W CC/MCC OR MAJOR DEVICE,"$191,876 "
130,MAJOR HEAD & NECK PROCEDURES W/O CC/MCC,"$119,078 "
131,CRANIAL/FACIAL PROCEDURES W CC/MCC,"$96,508 "
132,CRANIAL/FACIAL PROCEDURES W/O CC/MCC,"$78,867 "
133,"OTHER EAR, NOSE, MOUTH & THROAT O.R. PROCEDURES W CC/MCC","$117,963 "
134,"OTHER EAR, NOSE, MOUTH & THROAT O.R. PROCEDURES W/O CC/MCC","$45,106 "
135,SINUS & MASTOID PROCEDURES W CC/MCC,"$66,379 "
137,MOUTH PROCEDURES W CC/MCC,"$54,193 "
138,MOUTH PROCEDURES W/O CC/MCC,"$23,410 "
139,SALIVARY GLAND PROCEDURES,"$54,248 "
146,"EAR, NOSE, MOUTH & THROAT MALIGNANCY W MCC","$37,373 "
147,"EAR, NOSE, MOUTH & THROAT MALIGNANCY W CC","$63,060 "
148,"EAR, NOSE, MOUTH & THROAT MALIGNANCY W/O CC/MCC","$45,729 "
149,DYSEQUILIBRIUM,"$30,913 "
151,EPISTAXIS W/O MCC,"$12,347 "
152,OTITIS MEDIA & URI W MCC,"$25,655 "
153,OTITIS MEDIA & URI W/O MCC,"$21,565 "
154,"OTHER EAR, NOSE, MOUTH & THROAT DIAGNOSES W MCC","$36,155 "
155,"OTHER EAR, NOSE, MOUTH & THROAT DIAGNOSES W CC","$28,451 "
156,"OTHER EAR, NOSE, MOUTH & THROAT DIAGNOSES W/O CC/MCC","$26,866 "
157,DENTAL & ORAL DISEASES W MCC,"$70,172 "
158,DENTAL & ORAL DISEASES W CC,"$29,759 "
159,DENTAL & ORAL DISEASES W/O CC/MCC,"$28,960 "
163,MAJOR CHEST PROCEDURES W MCC,"$197,482 "
164,MAJOR CHEST PROCEDURES W CC,"$104,702 "
165,MAJOR CHEST PROCEDURES W/O CC/MCC,"$97,375 "
166,OTHER RESP SYSTEM O.R. PROCEDURES W MCC,"$178,525 "
167,OTHER RESP SYSTEM O.R. PROCEDURES W CC,"$77,401 "
168,OTHER RESP SYSTEM O.R. PROCEDURES W/O CC/MCC,"$65,246 "
175,PULMONARY EMBOLISM W MCC,"$61,368 "
176,PULMONARY EMBOLISM W/O MCC,"$38,726 "
177,RESPIRATORY INFECTIONS & INFLAMMATIONS W MCC,"$144,880 "
178,RESPIRATORY INFECTIONS & INFLAMMATIONS W CC,"$97,780 "
179,RESPIRATORY INFECTIONS & INFLAMMATIONS W/O CC/MCC,"$41,080 "
180,RESPIRATORY NEOPLASMS W MCC,"$61,991 "
181,RESPIRATORY NEOPLASMS W CC,"$32,794 "
183,MAJOR CHEST TRAUMA W MCC,"$70,580 "
184,MAJOR CHEST TRAUMA W CC,"$44,018 "
185,MAJOR CHEST TRAUMA W/O CC/MCC,"$29,110 "
186,PLEURAL EFFUSION W MCC,"$52,594 "
187,PLEURAL EFFUSION W CC,"$22,847 "
189,PULMONARY EDEMA & RESPIRATORY FAILURE,"$43,968 "
190,CHRONIC OBSTRUCTIVE PULMONARY DISEASE W MCC,"$41,652 "
191,CHRONIC OBSTRUCTIVE PULMONARY DISEASE W CC,"$33,285 "
192,CHRONIC OBSTRUCTIVE PULMONARY DISEASE W/O CC/MCC,"$24,029 "
193,SIMPLE PNEUMONIA & PLEURISY W MCC,"$44,931 "
194,SIMPLE PNEUMONIA & PLEURISY W CC,"$27,763 "
195,SIMPLE PNEUMONIA & PLEURISY W/O CC/MCC,"$18,614 "
196,INTERSTITIAL LUNG DISEASE W MCC,"$50,077 "
197,INTERSTITIAL LUNG DISEASE W CC,"$41,032 "
198,INTERSTITIAL LUNG DISEASE W/O CC/MCC,"$22,656 "
199,PNEUMOTHORAX W MCC,"$73,513 "
200,PNEUMOTHORAX W CC,"$45,944 "
201,PNEUMOTHORAX W/O CC/MCC,"$33,894 "
202,BRONCHITIS & ASTHMA W CC/MCC,"$28,313 "
203,BRONCHITIS & ASTHMA W/O CC/MCC,"$16,789 "
204,RESPIRATORY SIGNS & SYMPTOMS,"$30,034 "
205,OTHER RESPIRATORY SYSTEM DIAGNOSES W MCC,"$54,958 "
206,OTHER RESPIRATORY SYSTEM DIAGNOSES W/O MCC,"$26,983 "
207,RESPIRATORY SYSTEM DIAGNOSIS W VENTILATOR SUPPORT >96 HOURS OR PERIPHERAL EXTRACORPOREAL MEMBRANE OX,"$194,815 "
208,RESPIRATORY SYSTEM DIAGNOSIS W VENTILATOR SUPPORT <=96 HOURS,"$81,302 "
215,OTHER HEART ASSIST SYSTEM IMPLANT,"$298,403 "
216,CARDIAC VALVE & OTH MAJ CARDIOTHORACIC PROC W CARD CATH W MCC,"$480,139 "
217,CARDIAC VALVE & OTH MAJ CARDIOTHORACIC PROC W CARD CATH W CC,"$304,971 "
218,CARDIAC VALVE & OTH MAJ CARDIOTHORACIC PROC W CARD CATH W/O CC/MCC,"$291,585 "
219,CARDIAC VALVE & OTH MAJ CARDIOTHORACIC PROC W/O CARD CATH W MCC,"$348,879 "
220,CARDIAC VALVE & OTH MAJ CARDIOTHORACIC PROC W/O CARD CATH W CC,"$227,012 "
221,CARDIAC VALVE & OTH MAJ CARDIOTHORACIC PROC W/O CARD CATH W/O CC/MCC,"$141,642 "
222,CARDIAC DEFIB IMPLANT W CARDIAC CATH W AMI/HF/SHOCK W MCC,"$256,243 "
224,CARDIAC DEFIB IMPLANT W CARDIAC CATH W/O AMI/HF/SHOCK W MCC,"$312,409 "
225,CARDIAC DEFIB IMPLANT W CARDIAC CATH W/O AMI/HF/SHOCK W/O MCC,"$218,273 "
226,CARDIAC DEFIBRILLATOR IMPLANT W/O CARDIAC CATH W MCC,"$307,784 "
227,CARDIAC DEFIBRILLATOR IMPLANT W/O CARDIAC CATH W/O MCC,"$236,480 "
228,OTHER CARDIOTHORACIC PROCEDURES W MCC,"$271,389 "
229,OTHER CARDIOTHORACIC PROCEDURES W/O MCC,"$195,626 "
231,CORONARY BYPASS W PTCA W MCC,"$331,150 "
232,CORONARY BYPASS W PTCA W/O MCC,"$314,506 "
233,CORONARY BYPASS W CARDIAC CATH W MCC,"$338,997 "
234,CORONARY BYPASS W CARDIAC CATH W/O MCC,"$272,779 "
235,CORONARY BYPASS W/O CARDIAC CATH W MCC,"$221,551 "
236,CORONARY BYPASS W/O CARDIAC CATH W/O MCC,"$209,524 "
239,AMPUTATION FOR CIRC SYS DISORDERS EXC UPPER LIMB & TOE W MCC,"$185,381 "
240,AMPUTATION FOR CIRC SYS DISORDERS EXC UPPER LIMB & TOE W CC,"$77,794 "
242,PERMANENT CARDIAC PACEMAKER IMPLANT W MCC,"$154,636 "
243,PERMANENT CARDIAC PACEMAKER IMPLANT W CC,"$148,454 "
244,PERMANENT CARDIAC PACEMAKER IMPLANT W/O CC/MCC,"$107,313 "
245,AICD GENERATOR PROCEDURES,"$240,487 "
246,PERCUTANEOUS CARDIOVASCULAR PROCEDURES W DRUG-ELUTING STENT W MCC OR 4+ ARTERIES OR STENTS,"$132,700 "
247,PERC CARDIOVASC PROC W DRUG-ELUTING STENT W/O MCC,"$80,280 "
249,PERC CARDIOVASC PROC W NON-DRUG-ELUTING STENT W/O MCC,"$73,043 "
250,PERC CARDIOVASC PROC W/O CORONARY ARTERY STENT W MCC,"$109,581 "
251,PERC CARDIOVASC PROC W/O CORONARY ARTERY STENT W/O MCC,"$74,364 "
252,OTHER VASCULAR PROCEDURES W MCC,"$125,869 "
253,OTHER VASCULAR PROCEDURES W CC,"$115,621 "
254,OTHER VASCULAR PROCEDURES W/O CC/MCC,"$79,026 "
256,UPPER LIMB & TOE AMPUTATION FOR CIRC SYSTEM DISORDERS W CC,"$46,982 "
260,CARDIAC PACEMAKER REVISION EXCEPT DEVICE REPLACEMENT W MCC,"$175,482 "
261,CARDIAC PACEMAKER REVISION EXCEPT DEVICE REPLACEMENT W CC,"$59,038 "
262,CARDIAC PACEMAKER REVISION EXCEPT DEVICE REPLACEMENT W/O CC/MCC,"$49,681 "
264,OTHER CIRCULATORY SYSTEM O.R. PROCEDURES,"$153,367 "
265,AICD LEAD PROCEDURES,"$60,873 "
266,ENDOVASCULAR CARDIAC VALVE REPLACEMENT W MCC,"$211,222 "
267,ENDOVASCULAR CARDIAC VALVE REPLACEMENT W/O MCC,"$150,285 "
268,AORTIC AND HEART ASSIST PROCEDURES EXCEPT PULSATION BALLOON W MCC,"$399,289 "
269,AORTIC AND HEART ASSIST PROCEDURES EXCEPT PULSATION BALLOON W/O MCC,"$161,008 "
270,OTHER MAJOR CARDIOVASCULAR PROCEDURES W MCC,"$195,405 "
271,OTHER MAJOR CARDIOVASCULAR PROCEDURES W CC,"$131,698 "
272,OTHER MAJOR CARDIOVASCULAR PROCEDURES W/O CC/MCC,"$130,205 "
273,PERCUTANEOUS INTRACARDIAC PROCEDURES W MCC,"$144,143 "
274,PERCUTANEOUS INTRACARDIAC PROCEDURES W/O MCC,"$101,252 "
280,"ACUTE MYOCARDIAL INFARCTION, DISCHARGED ALIVE W MCC","$77,377 "
281,"ACUTE MYOCARDIAL INFARCTION, DISCHARGED ALIVE W CC","$45,889 "
282,"ACUTE MYOCARDIAL INFARCTION, DISCHARGED ALIVE W/O CC/MCC","$42,765 "
283,"ACUTE MYOCARDIAL INFARCTION, EXPIRED W MCC","$115,697 "
286,"CIRCULATORY DISORDERS EXCEPT AMI, W CARD CATH W MCC","$89,425 "
287,"CIRCULATORY DISORDERS EXCEPT AMI, W CARD CATH W/O MCC","$52,723 "
288,ACUTE & SUBACUTE ENDOCARDITIS W MCC,"$64,356 "
289,ACUTE & SUBACUTE ENDOCARDITIS W CC,"$81,699 "
290,ACUTE & SUBACUTE ENDOCARDITIS W/O CC/MCC,"$34,278 "
291,HEART FAILURE & SHOCK W MCC OR PERIPHERAL EXTRACORPOREAL MEMBRANE OXYGENATION (ECMO),"$45,046 "
292,HEART FAILURE & SHOCK W CC,"$30,221 "
293,HEART FAILURE & SHOCK W/O CC/MCC,"$21,216 "
296,"CARDIAC ARREST, UNEXPLAINED W MCC OR PERIPHERAL EXTRACORPOREAL MEMBRANE OXYGENATION (ECMO)","$83,867 "
297,"CARDIAC ARREST, UNEXPLAINED W CC","$19,062 "
299,PERIPHERAL VASCULAR DISORDERS W MCC,"$44,310 "
300,PERIPHERAL VASCULAR DISORDERS W CC,"$34,699 "
301,PERIPHERAL VASCULAR DISORDERS W/O CC/MCC,"$18,556 "
302,ATHEROSCLEROSIS W MCC,"$34,505 "
303,ATHEROSCLEROSIS W/O MCC,"$21,980 "
304,HYPERTENSION W MCC,"$38,278 "
305,HYPERTENSION W/O MCC,"$28,453 "
306,CARDIAC CONGENITAL & VALVULAR DISORDERS W MCC,"$31,423 "
307,CARDIAC CONGENITAL & VALVULAR DISORDERS W/O MCC,"$27,633 "
308,CARDIAC ARRHYTHMIA & CONDUCTION DISORDERS W MCC,"$52,954 "
309,CARDIAC ARRHYTHMIA & CONDUCTION DISORDERS W CC,"$31,677 "
310,CARDIAC ARRHYTHMIA & CONDUCTION DISORDERS W/O CC/MCC,"$22,913 "
311,ANGINA PECTORIS,"$26,328 "
312,SYNCOPE & COLLAPSE,"$33,265 "
313,CHEST PAIN,"$27,078 "
314,OTHER CIRCULATORY SYSTEM DIAGNOSES W MCC,"$67,542 "
315,OTHER CIRCULATORY SYSTEM DIAGNOSES W CC,"$33,419 "
316,OTHER CIRCULATORY SYSTEM DIAGNOSES W/O CC/MCC,"$23,473 "
326,"STOMACH, ESOPHAGEAL & DUODENAL PROC W MCC","$201,272 "
327,"STOMACH, ESOPHAGEAL & DUODENAL PROC W CC","$157,877 "
328,"STOMACH, ESOPHAGEAL & DUODENAL PROC W/O CC/MCC","$89,166 "
329,MAJOR SMALL & LARGE BOWEL PROCEDURES W MCC,"$201,754 "
330,MAJOR SMALL & LARGE BOWEL PROCEDURES W CC,"$125,508 "
331,MAJOR SMALL & LARGE BOWEL PROCEDURES W/O CC/MCC,"$92,786 "
335,PERITONEAL ADHESIOLYSIS W MCC,"$146,423 "
336,PERITONEAL ADHESIOLYSIS W CC,"$96,980 "
337,PERITONEAL ADHESIOLYSIS W/O CC/MCC,"$77,688 "
338,APPENDECTOMY W COMPLICATED PRINCIPAL DIAG W MCC,"$87,068 "
339,APPENDECTOMY W COMPLICATED PRINCIPAL DIAG W CC,"$58,749 "
340,APPENDECTOMY W COMPLICATED PRINCIPAL DIAG W/O CC/MCC,"$51,292 "
341,APPENDECTOMY W/O COMPLICATED PRINCIPAL DIAG W MCC,"$66,503 "
342,APPENDECTOMY W/O COMPLICATED PRINCIPAL DIAG W CC,"$81,873 "
343,APPENDECTOMY W/O COMPLICATED PRINCIPAL DIAG W/O CC/MCC,"$55,282 "
344,MINOR SMALL & LARGE BOWEL PROCEDURES W MCC,"$176,513 "
345,MINOR SMALL & LARGE BOWEL PROCEDURES W CC,"$88,530 "
346,MINOR SMALL & LARGE BOWEL PROCEDURES W/O CC/MCC,"$40,467 "
347,ANAL & STOMAL PROCEDURES W MCC,"$69,727 "
348,ANAL & STOMAL PROCEDURES W CC,"$51,033 "
349,ANAL & STOMAL PROCEDURES W/O CC/MCC,"$50,792 "
350,INGUINAL & FEMORAL HERNIA PROCEDURES W MCC,"$66,758 "
351,INGUINAL & FEMORAL HERNIA PROCEDURES W CC,"$97,288 "
352,INGUINAL & FEMORAL HERNIA PROCEDURES W/O CC/MCC,"$47,462 "
353,HERNIA PROCEDURES EXCEPT INGUINAL & FEMORAL W MCC,"$149,016 "
354,HERNIA PROCEDURES EXCEPT INGUINAL & FEMORAL W CC,"$88,295 "
355,HERNIA PROCEDURES EXCEPT INGUINAL & FEMORAL W/O CC/MCC,"$64,788 "
356,OTHER DIGESTIVE SYSTEM O.R. PROCEDURES W MCC,"$116,796 "
357,OTHER DIGESTIVE SYSTEM O.R. PROCEDURES W CC,"$87,994 "
358,OTHER DIGESTIVE SYSTEM O.R. PROCEDURES W/O CC/MCC,"$82,927 "
368,MAJOR ESOPHAGEAL DISORDERS W MCC,"$44,163 "
369,MAJOR ESOPHAGEAL DISORDERS W CC,"$38,203 "
370,MAJOR ESOPHAGEAL DISORDERS W/O CC/MCC,"$10,499 "
371,MAJOR GASTROINTESTINAL DISORDERS & PERITONEAL INFECTIONS W MCC,"$49,225 "
372,MAJOR GASTROINTESTINAL DISORDERS & PERITONEAL INFECTIONS W CC,"$34,808 "
373,MAJOR GASTROINTESTINAL DISORDERS & PERITONEAL INFECTIONS W/O CC/MCC,"$22,565 "
374,DIGESTIVE MALIGNANCY W MCC,"$79,312 "
375,DIGESTIVE MALIGNANCY W CC,"$50,586 "
376,DIGESTIVE MALIGNANCY W/O CC/MCC,"$70,910 "
377,G.I. HEMORRHAGE W MCC,"$75,173 "
378,G.I. HEMORRHAGE W CC,"$35,813 "
379,G.I. HEMORRHAGE W/O CC/MCC,"$19,752 "
380,COMPLICATED PEPTIC ULCER W MCC,"$60,449 "
381,COMPLICATED PEPTIC ULCER W CC,"$52,173 "
382,COMPLICATED PEPTIC ULCER W/O CC/MCC,"$34,253 "
383,UNCOMPLICATED PEPTIC ULCER W MCC,"$262,513 "
384,UNCOMPLICATED PEPTIC ULCER W/O MCC,"$33,192 "
385,INFLAMMATORY BOWEL DISEASE W MCC,"$44,656 "
386,INFLAMMATORY BOWEL DISEASE W CC,"$34,198 "
387,INFLAMMATORY BOWEL DISEASE W/O CC/MCC,"$27,356 "
388,G.I. OBSTRUCTION W MCC,"$63,814 "
389,G.I. OBSTRUCTION W CC,"$36,989 "
390,G.I. OBSTRUCTION W/O CC/MCC,"$25,291 "
391,"ESOPHAGITIS, GASTROENT & MISC DIGEST DISORDERS W MCC","$40,920 "
392,"ESOPHAGITIS, GASTROENT & MISC DIGEST DISORDERS W/O MCC","$29,031 "
393,OTHER DIGESTIVE SYSTEM DIAGNOSES W MCC,"$53,943 "
394,OTHER DIGESTIVE SYSTEM DIAGNOSES W CC,"$35,283 "
395,OTHER DIGESTIVE SYSTEM DIAGNOSES W/O CC/MCC,"$21,289 "
405,"PANCREAS, LIVER & SHUNT PROCEDURES W MCC","$215,754 "
406,"PANCREAS, LIVER & SHUNT PROCEDURES W CC","$155,676 "
407,"PANCREAS, LIVER & SHUNT PROCEDURES W/O CC/MCC","$87,390 "
409,BILIARY TRACT PROC EXCEPT ONLY CHOLECYST W OR W/O C.D.E. W CC,"$175,748 "
410,BILIARY TRACT PROC EXCEPT ONLY CHOLECYST W OR W/O C.D.E. W/O CC/MCC,"$82,741 "
412,CHOLECYSTECTOMY W C.D.E. W CC,"$112,064 "
413,CHOLECYSTECTOMY W C.D.E. W/O CC/MCC,"$96,992 "
414,CHOLECYSTECTOMY EXCEPT BY LAPAROSCOPE W/O C.D.E. W MCC,"$70,536 "
415,CHOLECYSTECTOMY EXCEPT BY LAPAROSCOPE W/O C.D.E. W CC,"$94,353 "
416,CHOLECYSTECTOMY EXCEPT BY LAPAROSCOPE W/O C.D.E. W/O CC/MCC,"$75,783 "
417,LAPAROSCOPIC CHOLECYSTECTOMY W/O C.D.E. W MCC,"$98,061 "
418,LAPAROSCOPIC CHOLECYSTECTOMY W/O C.D.E. W CC,"$78,685 "
419,LAPAROSCOPIC CHOLECYSTECTOMY W/O C.D.E. W/O CC/MCC,"$63,115 "
420,HEPATOBILIARY DIAGNOSTIC PROCEDURES W MCC,"$115,203 "
421,HEPATOBILIARY DIAGNOSTIC PROCEDURES W CC,"$92,659 "
422,HEPATOBILIARY DIAGNOSTIC PROCEDURES W/O CC/MCC,"$110,774 "
423,OTHER HEPATOBILIARY OR PANCREAS O.R. PROCEDURES W MCC,"$263,854 "
432,CIRRHOSIS & ALCOHOLIC HEPATITIS W MCC,"$68,771 "
433,CIRRHOSIS & ALCOHOLIC HEPATITIS W CC,"$40,879 "
434,CIRRHOSIS & ALCOHOLIC HEPATITIS W/O CC/MCC,"$17,917 "
435,MALIGNANCY OF HEPATOBILIARY SYSTEM OR PANCREAS W MCC,"$51,231 "
436,MALIGNANCY OF HEPATOBILIARY SYSTEM OR PANCREAS W CC,"$62,899 "
437,MALIGNANCY OF HEPATOBILIARY SYSTEM OR PANCREAS W/O CC/MCC,"$101,356 "
438,DISORDERS OF PANCREAS EXCEPT MALIGNANCY W MCC,"$45,732 "
439,DISORDERS OF PANCREAS EXCEPT MALIGNANCY W CC,"$36,309 "
440,DISORDERS OF PANCREAS EXCEPT MALIGNANCY W/O CC/MCC,"$25,422 "
441,"DISORDERS OF LIVER EXCEPT MALIG,CIRR,ALC HEPA W MCC","$81,366 "
442,"DISORDERS OF LIVER EXCEPT MALIG,CIRR,ALC HEPA W CC","$36,071 "
443,"DISORDERS OF LIVER EXCEPT MALIG,CIRR,ALC HEPA W/O CC/MCC","$28,434 "
444,DISORDERS OF THE BILIARY TRACT W MCC,"$97,463 "
445,DISORDERS OF THE BILIARY TRACT W CC,"$45,803 "
446,DISORDERS OF THE BILIARY TRACT W/O CC/MCC,"$26,050 "
454,COMBINED ANTERIOR/POSTERIOR SPINAL FUSION W CC,"$684,417 "
455,COMBINED ANTERIOR/POSTERIOR SPINAL FUSION W/O CC/MCC,"$346,116 "
456,SPINAL FUS EXC CERV W SPINAL CURV/MALIG/INFEC OR EXT FUS W MCC,"$409,299 "
457,SPINAL FUS EXC CERV W SPINAL CURV/MALIG/INFEC OR EXT FUS W CC,"$262,295 "
459,SPINAL FUSION EXCEPT CERVICAL W MCC,"$376,963 "
460,SPINAL FUSION EXCEPT CERVICAL W/O MCC,"$193,639 "
463,"WND DEBRID & SKN GRFT EXC HAND, FOR MUSCULO-CONN TISS DIS W MCC","$255,155 "
464,"WND DEBRID & SKN GRFT EXC HAND, FOR MUSCULO-CONN TISS DIS W CC","$154,265 "
465,"WND DEBRID & SKN GRFT EXC HAND, FOR MUSCULO-CONN TISS DIS W/O CC/MCC","$120,060 "
467,REVISION OF HIP OR KNEE REPLACEMENT W CC,"$135,948 "
468,REVISION OF HIP OR KNEE REPLACEMENT W/O CC/MCC,"$96,557 "
469,MAJOR HIP AND KNEE JOINT REPLACEMENT OR REATTACHMENT OF LOWER EXTREMITY W MCC OR TOTAL ANKLE REPLACE,"$143,153 "
470,MAJOR HIP AND KNEE JOINT REPLACEMENT OR REATTACHMENT OF LOWER EXTREMITY W/O MCC,"$97,107 "
471,CERVICAL SPINAL FUSION W MCC,"$202,096 "
472,CERVICAL SPINAL FUSION W CC,"$185,360 "
473,CERVICAL SPINAL FUSION W/O CC/MCC,"$158,148 "
474,AMPUTATION FOR MUSCULOSKELETAL SYS & CONN TISSUE DIS W MCC,"$146,291 "
475,AMPUTATION FOR MUSCULOSKELETAL SYS & CONN TISSUE DIS W CC,"$84,832 "
477,BIOPSIES OF MUSCULOSKELETAL SYSTEM & CONNECTIVE TISSUE W MCC,"$23,946 "
478,BIOPSIES OF MUSCULOSKELETAL SYSTEM & CONNECTIVE TISSUE W CC,"$95,505 "
479,BIOPSIES OF MUSCULOSKELETAL SYSTEM & CONNECTIVE TISSUE W/O CC/MCC,"$80,602 "
480,HIP & FEMUR PROCEDURES EXCEPT MAJOR JOINT W MCC,"$194,735 "
481,HIP & FEMUR PROCEDURES EXCEPT MAJOR JOINT W CC,"$123,993 "
482,HIP & FEMUR PROCEDURES EXCEPT MAJOR JOINT W/O CC/MCC,"$100,299 "
483,MAJOR JOINT/LIMB REATTACHMENT PROCEDURE OF UPPER EXTREMITIES,"$114,102 "
485,KNEE PROCEDURES W PDX OF INFECTION W MCC,"$108,063 "
487,KNEE PROCEDURES W PDX OF INFECTION W/O CC/MCC,"$46,877 "
488,KNEE PROCEDURES W/O PDX OF INFECTION W CC/MCC,"$136,585 "
489,KNEE PROCEDURES W/O PDX OF INFECTION W/O CC/MCC,"$90,662 "
492,"LOWER EXTREM & HUMER PROC EXCEPT HIP,FOOT,FEMUR W MCC","$130,111 "
493,"LOWER EXTREM & HUMER PROC EXCEPT HIP,FOOT,FEMUR W CC","$118,812 "
494,"LOWER EXTREM & HUMER PROC EXCEPT HIP,FOOT,FEMUR W/O CC/MCC","$85,943 "
495,LOCAL EXCISION & REMOVAL INT FIX DEVICES EXC HIP & FEMUR W MCC,"$106,646 "
496,LOCAL EXCISION & REMOVAL INT FIX DEVICES EXC HIP & FEMUR W CC,"$74,504 "
497,LOCAL EXCISION & REMOVAL INT FIX DEVICES EXC HIP & FEMUR W/O CC/MCC,"$51,277 "
498,LOCAL EXCISION & REMOVAL INT FIX DEVICES OF HIP & FEMUR W CC/MCC,"$105,422 "
499,LOCAL EXCISION & REMOVAL INT FIX DEVICES OF HIP & FEMUR W/O CC/MCC,"$45,361 "
500,SOFT TISSUE PROCEDURES W MCC,"$99,497 "
501,SOFT TISSUE PROCEDURES W CC,"$87,830 "
502,SOFT TISSUE PROCEDURES W/O CC/MCC,"$75,902 "
503,FOOT PROCEDURES W MCC,"$131,235 "
504,FOOT PROCEDURES W CC,"$59,466 "
505,FOOT PROCEDURES W/O CC/MCC,"$70,430 "
506,MAJOR THUMB OR JOINT PROCEDURES,"$115,510 "
507,MAJOR SHOULDER OR ELBOW JOINT PROCEDURES W CC/MCC,"$96,289 "
510,"SHOULDER,ELBOW OR FOREARM PROC,EXC MAJOR JOINT PROC W MCC","$114,777 "
511,"SHOULDER,ELBOW OR FOREARM PROC,EXC MAJOR JOINT PROC W CC","$92,796 "
512,"SHOULDER,ELBOW OR FOREARM PROC,EXC MAJOR JOINT PROC W/O CC/MCC","$80,635 "
513,"HAND OR WRIST PROC, EXCEPT MAJOR THUMB OR JOINT PROC W CC/MCC","$67,375 "
514,"HAND OR WRIST PROC, EXCEPT MAJOR THUMB OR JOINT PROC W/O CC/MCC","$39,519 "
515,OTHER MUSCULOSKELET SYS & CONN TISS O.R. PROC W MCC,"$171,239 "
516,OTHER MUSCULOSKELET SYS & CONN TISS O.R. PROC W CC,"$127,512 "
517,OTHER MUSCULOSKELET SYS & CONN TISS O.R. PROC W/O CC/MCC,"$100,457 "
518,BACK & NECK PROC EXC SPINAL FUSION W MCC OR DISC DEVICE/NEUROSTIM,"$202,652 "
519,BACK & NECK PROC EXC SPINAL FUSION W CC,"$129,554 "
520,BACK & NECK PROC EXC SPINAL FUSION W/O CC/MCC,"$108,448 "
533,FRACTURES OF FEMUR W MCC,"$109,210 "
534,FRACTURES OF FEMUR W/O MCC,"$29,196 "
535,FRACTURES OF HIP & PELVIS W MCC,"$77,565 "
536,FRACTURES OF HIP & PELVIS W/O MCC,"$40,455 "
537,"SPRAINS, STRAINS, & DISLOCATIONS OF HIP, PELVIS & THIGH W CC/MCC","$37,817 "
539,OSTEOMYELITIS W MCC,"$134,577 "
540,OSTEOMYELITIS W CC,"$95,863 "
541,OSTEOMYELITIS W/O CC/MCC,"$45,000 "
542,PATHOLOGICAL FRACTURES & MUSCULOSKELET & CONN TISS MALIG W MCC,"$72,953 "
543,PATHOLOGICAL FRACTURES & MUSCULOSKELET & CONN TISS MALIG W CC,"$44,914 "
544,PATHOLOGICAL FRACTURES & MUSCULOSKELET & CONN TISS MALIG W/O CC/MCC,"$43,873 "
545,CONNECTIVE TISSUE DISORDERS W MCC,"$113,355 "
546,CONNECTIVE TISSUE DISORDERS W CC,"$30,315 "
547,CONNECTIVE TISSUE DISORDERS W/O CC/MCC,"$20,053 "
548,SEPTIC ARTHRITIS W MCC,"$63,745 "
549,SEPTIC ARTHRITIS W CC,"$46,571 "
550,SEPTIC ARTHRITIS W/O CC/MCC,"$22,118 "
551,MEDICAL BACK PROBLEMS W MCC,"$66,143 "
552,MEDICAL BACK PROBLEMS W/O MCC,"$45,168 "
553,BONE DISEASES & ARTHROPATHIES W MCC,"$84,901 "
554,BONE DISEASES & ARTHROPATHIES W/O MCC,"$28,995 "
555,SIGNS & SYMPTOMS OF MUSCULOSKELETAL SYSTEM & CONN TISSUE W MCC,"$47,442 "
556,SIGNS & SYMPTOMS OF MUSCULOSKELETAL SYSTEM & CONN TISSUE W/O MCC,"$45,341 "
557,"TENDONITIS, MYOSITIS & BURSITIS W MCC","$60,570 "
558,"TENDONITIS, MYOSITIS & BURSITIS W/O MCC","$21,747 "
559,"AFTERCARE, MUSCULOSKELETAL SYSTEM & CONNECTIVE TISSUE W MCC","$89,532 "
560,"AFTERCARE, MUSCULOSKELETAL SYSTEM & CONNECTIVE TISSUE W CC","$70,356 "
561,"AFTERCARE, MUSCULOSKELETAL SYSTEM & CONNECTIVE TISSUE W/O CC/MCC","$45,549 "
562,"FX, SPRN, STRN & DISL EXCEPT FEMUR, HIP, PELVIS & THIGH W MCC","$38,445 "
563,"FX, SPRN, STRN & DISL EXCEPT FEMUR, HIP, PELVIS & THIGH W/O MCC","$40,119 "
564,OTHER MUSCULOSKELETAL SYS & CONNECTIVE TISSUE DIAGNOSES W MCC,"$59,158 "
565,OTHER MUSCULOSKELETAL SYS & CONNECTIVE TISSUE DIAGNOSES W CC,"$34,201 "
566,OTHER MUSCULOSKELETAL SYS & CONNECTIVE TISSUE DIAGNOSES W/O CC/MCC,"$29,596 "
570,SKIN DEBRIDEMENT W MCC,"$76,335 "
571,SKIN DEBRIDEMENT W CC,"$47,158 "
572,SKIN DEBRIDEMENT W/O CC/MCC,"$42,260 "
573,SKIN GRAFT FOR SKIN ULCER OR CELLULITIS W MCC,"$58,569 "
574,SKIN GRAFT FOR SKIN ULCER OR CELLULITIS W CC,"$44,678 "
576,SKIN GRAFT EXC FOR SKIN ULCER OR CELLULITIS W MCC,"$142,712 "
577,SKIN GRAFT EXC FOR SKIN ULCER OR CELLULITIS W CC,"$97,428 "
578,SKIN GRAFT EXC FOR SKIN ULCER OR CELLULITIS W/O CC/MCC,"$91,778 "
579,"OTHER SKIN, SUBCUT TISS & BREAST PROC W MCC","$59,964 "
580,"OTHER SKIN, SUBCUT TISS & BREAST PROC W CC","$43,278 "
581,"OTHER SKIN, SUBCUT TISS & BREAST PROC W/O CC/MCC","$45,202 "
582,MASTECTOMY FOR MALIGNANCY W CC/MCC,"$70,936 "
584,"BREAST BIOPSY, LOCAL EXCISION & OTHER BREAST PROCEDURES W CC/MCC","$48,690 "
585,"BREAST BIOPSY, LOCAL EXCISION & OTHER BREAST PROCEDURES W/O CC/MCC","$7,667 "
592,SKIN ULCERS W MCC,"$59,223 "
593,SKIN ULCERS W CC,"$55,410 "
595,MAJOR SKIN DISORDERS W MCC,"$57,177 "
596,MAJOR SKIN DISORDERS W/O MCC,"$26,328 "
597,MALIGNANT BREAST DISORDERS W MCC,"$71,694 "
598,MALIGNANT BREAST DISORDERS W CC,"$38,351 "
600,NON-MALIGNANT BREAST DISORDERS W CC/MCC,"$18,109 "
601,NON-MALIGNANT BREAST DISORDERS W/O CC/MCC,"$16,041 "
602,CELLULITIS W MCC,"$38,639 "
603,CELLULITIS W/O MCC,"$23,830 "
604,"TRAUMA TO THE SKIN, SUBCUT TISS & BREAST W MCC","$41,165 "
605,"TRAUMA TO THE SKIN, SUBCUT TISS & BREAST W/O MCC","$33,616 "
606,MINOR SKIN DISORDERS W MCC,"$32,486 "
607,MINOR SKIN DISORDERS W/O MCC,"$21,978 "
614,ADRENAL & PITUITARY PROCEDURES W CC/MCC,"$138,927 "
615,ADRENAL & PITUITARY PROCEDURES W/O CC/MCC,"$130,685 "
616,"AMPUTAT OF LOWER LIMB FOR ENDOCRINE,NUTRIT,& METABOL DIS W MCC","$208,742 "
617,"AMPUTAT OF LOWER LIMB FOR ENDOCRINE,NUTRIT,& METABOL DIS W CC","$87,410 "
621,O.R. PROCEDURES FOR OBESITY W/O CC/MCC,"$39,940 "
622,"SKIN GRAFTS & WOUND DEBRID FOR ENDOC, NUTRIT & METAB DIS W MCC","$177,001 "
623,"SKIN GRAFTS & WOUND DEBRID FOR ENDOC, NUTRIT & METAB DIS W CC","$74,638 "
625,"THYROID, PARATHYROID & THYROGLOSSAL PROCEDURES W MCC","$79,253 "
626,"THYROID, PARATHYROID & THYROGLOSSAL PROCEDURES W CC","$93,367 "
627,"THYROID, PARATHYROID & THYROGLOSSAL PROCEDURES W/O CC/MCC","$54,846 "
628,"OTHER ENDOCRINE, NUTRIT & METAB O.R. PROC W MCC","$162,271 "
629,"OTHER ENDOCRINE, NUTRIT & METAB O.R. PROC W CC","$89,324 "
630,"OTHER ENDOCRINE, NUTRIT & METAB O.R. PROC W/O CC/MCC","$170,318 "
637,DIABETES W MCC,"$43,232 "
638,DIABETES W CC,"$27,290 "
639,DIABETES W/O CC/MCC,"$21,743 "
640,"MISC DISORDERS OF NUTRITION,METABOLISM,FLUIDS/ELECTROLYTES W MCC","$45,867 "
641,"MISC DISORDERS OF NUTRITION,METABOLISM,FLUIDS/ELECTROLYTES W/O MCC","$34,274 "
642,INBORN AND OTHER DISORDERS OF METABOLISM,"$35,736 "
643,ENDOCRINE DISORDERS W MCC,"$105,254 "
644,ENDOCRINE DISORDERS W CC,"$30,829 "
645,ENDOCRINE DISORDERS W/O CC/MCC,"$19,910 "
653,MAJOR BLADDER PROCEDURES W MCC,"$242,402 "
654,MAJOR BLADDER PROCEDURES W CC,"$151,280 "
656,KIDNEY & URETER PROCEDURES FOR NEOPLASM W MCC,"$128,363 "
657,KIDNEY & URETER PROCEDURES FOR NEOPLASM W CC,"$94,848 "
658,KIDNEY & URETER PROCEDURES FOR NEOPLASM W/O CC/MCC,"$87,727 "
659,KIDNEY & URETER PROCEDURES FOR NON-NEOPLASM W MCC,"$56,155 "
660,KIDNEY & URETER PROCEDURES FOR NON-NEOPLASM W CC,"$82,144 "
661,KIDNEY & URETER PROCEDURES FOR NON-NEOPLASM W/O CC/MCC,"$52,850 "
662,MINOR BLADDER PROCEDURES W MCC,"$62,969 "
663,MINOR BLADDER PROCEDURES W CC,"$80,982 "
664,MINOR BLADDER PROCEDURES W/O CC/MCC,"$51,148 "
668,TRANSURETHRAL PROCEDURES W MCC,"$105,867 "
669,TRANSURETHRAL PROCEDURES W CC,"$69,870 "
670,TRANSURETHRAL PROCEDURES W/O CC/MCC,"$38,829 "
671,URETHRAL PROCEDURES W CC/MCC,"$125,019 "
673,OTHER KIDNEY & URINARY TRACT PROCEDURES W MCC,"$137,482 "
674,OTHER KIDNEY & URINARY TRACT PROCEDURES W CC,"$158,445 "
682,RENAL FAILURE W MCC,"$47,779 "
683,RENAL FAILURE W CC,"$29,183 "
684,RENAL FAILURE W/O CC/MCC,"$19,983 "
686,KIDNEY & URINARY TRACT NEOPLASMS W MCC,"$85,987 "
687,KIDNEY & URINARY TRACT NEOPLASMS W CC,"$48,108 "
688,KIDNEY & URINARY TRACT NEOPLASMS W/O CC/MCC,"$125,948 "
689,KIDNEY & URINARY TRACT INFECTIONS W MCC,"$38,043 "
690,KIDNEY & URINARY TRACT INFECTIONS W/O MCC,"$27,294 "
693,URINARY STONES W/O ESW LITHOTRIPSY W MCC,"$174,204 "
694,URINARY STONES W/O ESW LITHOTRIPSY W/O MCC,"$27,547 "
695,KIDNEY & URINARY TRACT SIGNS & SYMPTOMS W MCC,"$46,508 "
696,KIDNEY & URINARY TRACT SIGNS & SYMPTOMS W/O MCC,"$29,778 "
697,URETHRAL STRICTURE,"$35,569 "
698,OTHER KIDNEY & URINARY TRACT DIAGNOSES W MCC,"$60,526 "
699,OTHER KIDNEY & URINARY TRACT DIAGNOSES W CC,"$34,556 "
700,OTHER KIDNEY & URINARY TRACT DIAGNOSES W/O CC/MCC,"$22,710 "
707,MAJOR MALE PELVIC PROCEDURES W CC/MCC,"$96,517 "
708,MAJOR MALE PELVIC PROCEDURES W/O CC/MCC,"$104,470 "
709,PENIS PROCEDURES W CC/MCC,"$49,073 "
710,PENIS PROCEDURES W/O CC/MCC,"$52,192 "
711,TESTES PROCEDURES W CC/MCC,"$86,068 "
712,TESTES PROCEDURES W/O CC/MCC,"$44,046 "
713,TRANSURETHRAL PROSTATECTOMY W CC/MCC,"$51,755 "
715,OTHER MALE REPRODUCTIVE SYSTEM O.R. PROC FOR MALIGNANCY W CC/MCC,"$63,166 "
716,OTHER MALE REPRODUCTIVE SYSTEM O.R. PROC FOR MALIGNANCY W/O CC/MCC,"$99,942 "
717,OTHER MALE REPRODUCTIVE SYSTEM O.R. PROC EXC MALIGNANCY W CC/MCC,"$83,417 "
722,"MALIGNANCY, MALE REPRODUCTIVE SYSTEM W MCC","$66,778 "
723,"MALIGNANCY, MALE REPRODUCTIVE SYSTEM W CC","$26,828 "
725,BENIGN PROSTATIC HYPERTROPHY W MCC,"$23,922 "
726,BENIGN PROSTATIC HYPERTROPHY W/O MCC,"$29,145 "
727,INFLAMMATION OF THE MALE REPRODUCTIVE SYSTEM W MCC,"$50,935 "
728,INFLAMMATION OF THE MALE REPRODUCTIVE SYSTEM W/O MCC,"$22,438 "
729,OTHER MALE REPRODUCTIVE SYSTEM DIAGNOSES W CC/MCC,"$19,214 "
734,"PELVIC EVISCERATION, RAD HYSTERECTOMY & RAD VULVECTOMY W CC/MCC","$106,258 "
735,"PELVIC EVISCERATION, RAD HYSTERECTOMY & RAD VULVECTOMY W/O CC/MCC","$95,084 "
736,UTERINE & ADNEXA PROC FOR OVARIAN OR ADNEXAL MALIGNANCY W MCC,"$123,905 "
737,UTERINE & ADNEXA PROC FOR OVARIAN OR ADNEXAL MALIGNANCY W CC,"$133,497 "
739,"UTERINE,ADNEXA PROC FOR NON-OVARIAN/ADNEXAL MALIG W MCC","$113,344 "
740,"UTERINE,ADNEXA PROC FOR NON-OVARIAN/ADNEXAL MALIG W CC","$91,813 "
741,"UTERINE,ADNEXA PROC FOR NON-OVARIAN/ADNEXAL MALIG W/O CC/MCC","$82,178 "
742,UTERINE & ADNEXA PROC FOR NON-MALIGNANCY W CC/MCC,"$96,362 "
743,UTERINE & ADNEXA PROC FOR NON-MALIGNANCY W/O CC/MCC,"$68,444 "
744,"D&C, CONIZATION, LAPAROSCOPY & TUBAL INTERRUPTION W CC/MCC","$46,030 "
745,"D&C, CONIZATION, LAPAROSCOPY & TUBAL INTERRUPTION W/O CC/MCC","$62,399 "
746,"VAGINA, CERVIX & VULVA PROCEDURES W CC/MCC","$56,722 "
747,"VAGINA, CERVIX & VULVA PROCEDURES W/O CC/MCC","$98,360 "
748,FEMALE REPRODUCTIVE SYSTEM RECONSTRUCTIVE PROCEDURES,"$89,399 "
749,OTHER FEMALE REPRODUCTIVE SYSTEM O.R. PROCEDURES W CC/MCC,"$91,217 "
750,OTHER FEMALE REPRODUCTIVE SYSTEM O.R. PROCEDURES W/O CC/MCC,"$40,931 "
754,"MALIGNANCY, FEMALE REPRODUCTIVE SYSTEM W MCC","$43,807 "
755,"MALIGNANCY, FEMALE REPRODUCTIVE SYSTEM W CC","$44,497 "
756,"MALIGNANCY, FEMALE REPRODUCTIVE SYSTEM W/O CC/MCC","$50,960 "
757,"INFECTIONS, FEMALE REPRODUCTIVE SYSTEM W MCC","$41,717 "
758,"INFECTIONS, FEMALE REPRODUCTIVE SYSTEM W CC","$32,828 "
759,"INFECTIONS, FEMALE REPRODUCTIVE SYSTEM W/O CC/MCC","$25,667 "
760,MENSTRUAL & OTHER FEMALE REPRODUCTIVE SYSTEM DISORDERS W CC/MCC,"$32,551 "
761,MENSTRUAL & OTHER FEMALE REPRODUCTIVE SYSTEM DISORDERS W/O CC/MCC,"$16,488 "
765,CESAREAN SECTION W CC/MCC,"$22,237 "
766,CESAREAN SECTION W/O CC/MCC,"$15,285 "
767,VAGINAL DELIVERY W STERILIZATION &/OR D&C,"$18,916 "
768,VAGINAL DELIVERY W O.R. PROC EXCEPT STERIL &/OR D&C,"$17,170 "
769,POSTPARTUM & POST ABORTION DIAGNOSES W O.R. PROCEDURE,"$42,238 "
770,"ABORTION W D&C, ASPIRATION CURETTAGE OR HYSTEROTOMY","$19,599 "
774,VAGINAL DELIVERY W COMPLICATING DIAGNOSES,"$15,036 "
775,VAGINAL DELIVERY W/O COMPLICATING DIAGNOSES,"$11,944 "
776,POSTPARTUM & POST ABORTION DIAGNOSES W/O O.R. PROCEDURE,"$18,471 "
777,ECTOPIC PREGNANCY,"$44,713 "
778,THREATENED ABORTION,"$12,189 "
779,ABORTION W/O D&C,"$11,291 "
780,FALSE LABOR,"$9,098 "
781,OTHER ANTEPARTUM DIAGNOSES W MEDICAL COMPLICATIONS,"$16,231 "
782,OTHER ANTEPARTUM DIAGNOSES W/O MEDICAL COMPLICATIONS,"$9,100 "
783,CESAREAN SECTION W STERILIZATION W MCC,"$18,365 "
784,CESAREAN SECTION W STERILIZATION W CC,"$18,735 "
785,CESAREAN SECTION W STERILIZATION W/O CC/MCC,"$14,332 "
786,CESAREAN SECTION W/O STERILIZATION W MCC,"$21,595 "
787,CESAREAN SECTION W/O STERILIZATION W CC,"$16,782 "
788,CESAREAN SECTION W/O STERILIZATION W/O CC/MCC,"$15,443 "
789,"NEONATES, DIED OR TRANSFERRED TO ANOTHER ACUTE CARE FACILITY","$236,525 "
790,"EXTREME IMMATURITY OR RESPIRATORY DISTRESS SYNDROME, NEONATE","$259,992 "
791,PREMATURITY W MAJOR PROBLEMS,"$58,110 "
792,PREMATURITY W/O MAJOR PROBLEMS,"$17,493 "
793,FULL TERM NEONATE W MAJOR PROBLEMS,"$25,690 "
794,NEONATE W OTHER SIGNIFICANT PROBLEMS,"$7,300 "
795,NORMAL NEWBORN,"$5,327 "
797,VAGINAL DELIVERY W STERILIZATION/D&C W CC,"$19,501 "
798,VAGINAL DELIVERY W STERILIZATION/D&C WO CC/MCC,"$17,580 "
799,SPLENECTOMY W MCC,"$179,442 "
802,OTHER O.R. PROC OF THE BLOOD & BLOOD FORMING ORGANS W MCC,"$590,553 "
803,OTHER O.R. PROC OF THE BLOOD & BLOOD FORMING ORGANS W CC,"$73,202 "
804,OTHER O.R. PROC OF THE BLOOD & BLOOD FORMING ORGANS W/O CC/MCC,"$29,658 "
805,VAGINAL DELIVERY W/O STERILIZATION/D&C W MCC,"$22,988 "
806,VAGINAL DELIVERY W/O STERILIZATION/D&C W CC,"$14,186 "
807,VAGINAL DELIVERY W/O STERILIZATION/D&C W/O CC/MCC,"$12,698 "
808,MAJOR HEMATOL/IMMUN DIAG EXC SICKLE CELL CRISIS & COAGUL W MCC,"$87,075 "
809,MAJOR HEMATOL/IMMUN DIAG EXC SICKLE CELL CRISIS & COAGUL W CC,"$28,404 "
810,MAJOR HEMATOL/IMMUN DIAG EXC SICKLE CELL CRISIS & COAGUL W/O CC/MCC,"$34,381 "
811,RED BLOOD CELL DISORDERS W MCC,"$44,080 "
812,RED BLOOD CELL DISORDERS W/O MCC,"$27,191 "
813,COAGULATION DISORDERS,"$75,078 "
814,RETICULOENDOTHELIAL & IMMUNITY DISORDERS W MCC,"$84,345 "
815,RETICULOENDOTHELIAL & IMMUNITY DISORDERS W CC,"$27,830 "
816,RETICULOENDOTHELIAL & IMMUNITY DISORDERS W/O CC/MCC,"$35,425 "
817,OTHER ANTEPARTUM DIAGNOSES W O.R. PROCEDURE W MCC,"$100,758 "
818,OTHER ANTEPARTUM DIAGNOSES W O.R. PROCEDURE W CC,"$30,273 "
819,OTHER ANTEPARTUM DIAGNOSES W O.R. PROCEDURE W/O CC/MCC,"$18,190 "
820,LYMPHOMA & LEUKEMIA W MAJOR O.R. PROCEDURE W MCC,"$146,134 "
821,LYMPHOMA & LEUKEMIA W MAJOR O.R. PROCEDURE W CC,"$107,714 "
823,LYMPHOMA & NON-ACUTE LEUKEMIA W OTHER PROC W MCC,"$185,185 "
824,LYMPHOMA & NON-ACUTE LEUKEMIA W OTHER PROC W CC,"$40,452 "
825,LYMPHOMA & NON-ACUTE LEUKEMIA W OTHER PROC W/O CC/MCC,"$38,952 "
826,MYELOPROLIF DISORD OR POORLY DIFF NEOPL W MAJ O.R. PROC W MCC,"$302,144 "
827,MYELOPROLIF DISORD OR POORLY DIFF NEOPL W MAJ O.R. PROC W CC,"$187,487 "
828,MYELOPROLIF DISORD OR POORLY DIFF NEOPL W MAJ O.R. PROC W/O CC/MCC,"$122,289 "
829,MYELOPROLIFERATIVE DISORDERS OR POORLY DIFFERENTIATED NEOPLASMS W OTHER PROCEDURE W CC/MCC,"$115,205 "
830,MYELOPROLIFERATIVE DISORDERS OR POORLY DIFFERENTIATED NEOPLASMS W OTHER PROCEDURE W/O CC/MCC,"$98,016 "
831,OTHER ANTEPARTUM DIAGNOSES W/O O.R. PROCEDURE W MCC,"$16,592 "
832,OTHER ANTEPARTUM DIAGNOSES W/O O.R. PROCEDURE W CC,"$12,303 "
833,OTHER ANTEPARTUM DIAGNOSES W/O O.R. PROCEDURE W/O CC/MCC,"$8,173 "
834,ACUTE LEUKEMIA W/O MAJOR O.R. PROCEDURE W MCC,"$233,643 "
835,ACUTE LEUKEMIA W/O MAJOR O.R. PROCEDURE W CC,"$207,095 "
840,LYMPHOMA & NON-ACUTE LEUKEMIA W MCC,"$98,768 "
841,LYMPHOMA & NON-ACUTE LEUKEMIA W CC,"$95,196 "
842,LYMPHOMA & NON-ACUTE LEUKEMIA W/O CC/MCC,"$58,316 "
843,OTHER MYELOPROLIF DIS OR POORLY DIFF NEOPL DIAG W MCC,"$57,676 "
844,OTHER MYELOPROLIF DIS OR POORLY DIFF NEOPL DIAG W CC,"$98,161 "
845,OTHER MYELOPROLIF DIS OR POORLY DIFF NEOPL DIAG W/O CC/MCC,"$65,020 "
846,CHEMOTHERAPY W/O ACUTE LEUKEMIA AS SECONDARY DIAGNOSIS W MCC,"$45,162 "
847,CHEMOTHERAPY W/O ACUTE LEUKEMIA AS SECONDARY DIAGNOSIS W CC,"$37,846 "
849,RADIOTHERAPY,"$43,263 "
853,INFECTIOUS & PARASITIC DISEASES W O.R. PROCEDURE W MCC,"$182,889 "
854,INFECTIOUS & PARASITIC DISEASES W O.R. PROCEDURE W CC,"$68,736 "
855,INFECTIOUS & PARASITIC DISEASES W O.R. PROCEDURE W/O CC/MCC,"$77,480 "
856,POSTOPERATIVE OR POST-TRAUMATIC INFECTIONS W O.R. PROC W MCC,"$185,776 "
857,POSTOPERATIVE OR POST-TRAUMATIC INFECTIONS W O.R. PROC W CC,"$74,010 "
858,POSTOPERATIVE OR POST-TRAUMATIC INFECTIONS W O.R. PROC W/O CC/MCC,"$45,012 "
862,POSTOPERATIVE & POST-TRAUMATIC INFECTIONS W MCC,"$61,844 "
863,POSTOPERATIVE & POST-TRAUMATIC INFECTIONS W/O MCC,"$25,047 "
864,FEVER AND INFLAMMATORY CONDITIONS,"$22,352 "
865,VIRAL ILLNESS W MCC,"$45,133 "
866,VIRAL ILLNESS W/O MCC,"$20,694 "
867,OTHER INFECTIOUS & PARASITIC DISEASES DIAGNOSES W MCC,"$65,563 "
868,OTHER INFECTIOUS & PARASITIC DISEASES DIAGNOSES W CC,"$56,440 "
869,OTHER INFECTIOUS & PARASITIC DISEASES DIAGNOSES W/O CC/MCC,"$50,107 "
870,SEPTICEMIA OR SEVERE SEPSIS W MV >96 HOURS OR PERIPHERAL EXTRACORPOREAL MEMBRANE OXYGENATION (ECMO),"$218,743 "
871,SEPTICEMIA OR SEVERE SEPSIS W/O MV >96 HOURS W MCC,"$67,274 "
872,SEPTICEMIA OR SEVERE SEPSIS W/O MV >96 HOURS W/O MCC,"$38,758 "
876,O.R. PROCEDURE W PRINCIPAL DIAGNOSES OF MENTAL ILLNESS,"$75,120 "
880,ACUTE ADJUSTMENT REACTION & PSYCHOSOCIAL DYSFUNCTION,"$27,985 "
881,DEPRESSIVE NEUROSES,"$16,289 "
882,NEUROSES EXCEPT DEPRESSIVE,"$13,591 "
883,DISORDERS OF PERSONALITY & IMPULSE CONTROL,"$21,802 "
884,ORGANIC DISTURBANCES & INTELLECTUAL DISABILITY,"$40,676 "
885,PSYCHOSES,"$17,625 "
886,BEHAVIORAL & DEVELOPMENTAL DISORDERS,"$8,926 "
887,OTHER MENTAL DISORDER DIAGNOSES,"$26,974 "
894,"ALCOHOL/DRUG ABUSE OR DEPENDENCE, LEFT AMA","$28,099 "
896,ALCOHOL/DRUG ABUSE OR DEPENDENCE W/O REHABILITATION THERAPY W MCC,"$45,454 "
897,ALCOHOL/DRUG ABUSE OR DEPENDENCE W/O REHABILITATION THERAPY W/O MCC,"$24,509 "
901,WOUND DEBRIDEMENTS FOR INJURIES W MCC,"$218,489 "
902,WOUND DEBRIDEMENTS FOR INJURIES W CC,"$114,884 "
903,WOUND DEBRIDEMENTS FOR INJURIES W/O CC/MCC,"$32,662 "
904,SKIN GRAFTS FOR INJURIES W CC/MCC,"$232,376 "
905,SKIN GRAFTS FOR INJURIES W/O CC/MCC,"$94,261 "
906,HAND PROCEDURES FOR INJURIES,"$99,661 "
907,OTHER O.R. PROCEDURES FOR INJURIES W MCC,"$141,929 "
908,OTHER O.R. PROCEDURES FOR INJURIES W CC,"$98,354 "
909,OTHER O.R. PROCEDURES FOR INJURIES W/O CC/MCC,"$86,429 "
913,TRAUMATIC INJURY W MCC,"$98,713 "
914,TRAUMATIC INJURY W/O MCC,"$29,911 "
915,ALLERGIC REACTIONS W MCC,"$58,744 "
916,ALLERGIC REACTIONS W/O MCC,"$20,195 "
917,POISONING & TOXIC EFFECTS OF DRUGS W MCC,"$46,723 "
918,POISONING & TOXIC EFFECTS OF DRUGS W/O MCC,"$25,337 "
919,COMPLICATIONS OF TREATMENT W MCC,"$55,086 "
920,COMPLICATIONS OF TREATMENT W CC,"$46,018 "
921,COMPLICATIONS OF TREATMENT W/O CC/MCC,"$19,777 "
922,"OTHER INJURY, POISONING & TOXIC EFFECT DIAG W MCC","$89,127 "
923,"OTHER INJURY, POISONING & TOXIC EFFECT DIAG W/O MCC","$26,898 "
934,FULL THICKNESS BURN W/O SKIN GRAFT OR INHAL INJ,"$19,568 "
935,NON-EXTENSIVE BURNS,"$25,035 "
940,O.R. PROC W DIAGNOSES OF OTHER CONTACT W HEALTH SERVICES W CC,"$70,980 "
947,SIGNS & SYMPTOMS W MCC,"$41,051 "
948,SIGNS & SYMPTOMS W/O MCC,"$33,202 "
949,AFTERCARE W CC/MCC,"$101,326 "
950,AFTERCARE W/O CC/MCC,"$42,785 "
951,OTHER FACTORS INFLUENCING HEALTH STATUS,"$29,355 "
955,CRANIOTOMY FOR MULTIPLE SIGNIFICANT TRAUMA,"$261,744 "
956,"LIMB REATTACHMENT, HIP & FEMUR PROC FOR MULTIPLE SIGNIFICANT TRAUMA","$289,476 "
957,OTHER O.R. PROCEDURES FOR MULTIPLE SIGNIFICANT TRAUMA W MCC,"$282,850 "
958,OTHER O.R. PROCEDURES FOR MULTIPLE SIGNIFICANT TRAUMA W CC,"$169,745 "
959,OTHER O.R. PROCEDURES FOR MULTIPLE SIGNIFICANT TRAUMA W/O CC/MCC,"$142,454 "
963,OTHER MULTIPLE SIGNIFICANT TRAUMA W MCC,"$93,771 "
964,OTHER MULTIPLE SIGNIFICANT TRAUMA W CC,"$54,472 "
965,OTHER MULTIPLE SIGNIFICANT TRAUMA W/O CC/MCC,"$43,143 "
969,HIV W EXTENSIVE O.R. PROCEDURE W MCC,"$309,339 "
970,HIV W EXTENSIVE O.R. PROCEDURE W/O MCC,"$26,059 "
974,HIV W MAJOR RELATED CONDITION W MCC,"$106,907 "
975,HIV W MAJOR RELATED CONDITION W CC,"$51,497 "
976,HIV W MAJOR RELATED CONDITION W/O CC/MCC,"$39,846 "
977,HIV W OR W/O OTHER RELATED CONDITION,"$50,980 "
981,EXTENSIVE O.R. PROCEDURE UNRELATED TO PRINCIPAL DIAGNOSIS W MCC,"$153,819 "
982,EXTENSIVE O.R. PROCEDURE UNRELATED TO PRINCIPAL DIAGNOSIS W CC,"$106,864 "
983,EXTENSIVE O.R. PROCEDURE UNRELATED TO PRINCIPAL DIAGNOSIS W/O CC/MCC,"$86,545 "
987,NON-EXTENSIVE O.R. PROC UNRELATED TO PRINCIPAL DIAGNOSIS W MCC,"$141,703 "
988,NON-EXTENSIVE O.R. PROC UNRELATED TO PRINCIPAL DIAGNOSIS W CC,"$58,647 "
989,NON-EXTENSIVE O.R. PROC UNRELATED TO PRINCIPAL DIAGNOSIS W/O CC/MCC,"$92,877 "
998,PRINCIPAL DIAGNOSIS INVALID AS DISCHARGE DIAGNOSIS,"$17,414 "
999,UNGROUPABLE,"$12,743 "